<?xml version="1.0" encoding="UTF-8"?>
<project-private xmlns="http://www.netbeans.org/ns/project-private/1">
    <editor-bookmarks xmlns="http://www.netbeans.org/ns/editor-bookmarks/2" lastBookmarkId="0"/>
    <open-files xmlns="http://www.netbeans.org/ns/projectui-open-files/2">
        <group>
            <file>file:/D:/xampp/htdocs/OES_Final/mails/otpconfirm.php</file>
            <file>file:/D:/xampp/htdocs/OES_Final/Patient/home.php</file>
            <file>file:/D:/xampp/htdocs/OES_Final/mails/changepassword.php</file>
            <file>file:/D:/xampp/htdocs/OES_Final/mails/db.php</file>
            <file>file:/D:/xampp/htdocs/OES_Final/mails/dbconnection.php</file>
            <file>file:/D:/xampp/htdocs/OES_Final/patientReg.php</file>
            <file>file:/D:/xampp/htdocs/OES_Final/mails/forgotpassword.php</file>
            <file>file:/D:/xampp/htdocs/OES_Final/Patient/updateProfile.php</file>
            <file>file:/D:/xampp/htdocs/OES_Final/js/main.js</file>
            <file>file:/D:/xampp/htdocs/OES_Final/home.php</file>
        </group>
    </open-files>
</project-private>
